"Region","CellType","GWAS","Beta","P","P.adj.fdr"
"dlpfc","Astro","PGC2.SCZ",0.0084499,0.35771,0.436701615798923
"dlpfc","Excit.L2.3","PGC2.SCZ",0.10525,2.6835e-06,5.21365714285714e-05
"dlpfc","Excit.L3.4","PGC2.SCZ",0.18402,3.0918e-11,3.50404e-09
"dlpfc","Excit.L4.5","PGC2.SCZ",0.10336,1.4769e-08,5.9076e-07
"dlpfc","Excit.L5","PGC2.SCZ",0.12846,2.3153e-06,4.6306e-05
"dlpfc","Excit.L5.6","PGC2.SCZ",0.11845,1.0205e-07,3.01713043478261e-06
"dlpfc","Excit.L6.broad","PGC2.SCZ",0.13682,3.5157e-10,2.988345e-08
"dlpfc","Excit.ambig","PGC2.SCZ",0.1079,1.5051e-07,4.108832e-06
"dlpfc","Inhib.1","PGC2.SCZ",0.080604,0.083718,0.151404893617021
"dlpfc","Inhib.2","PGC2.SCZ",0.0080395,0.43911,0.513049484536082
"dlpfc","Inhib.3","PGC2.SCZ",0.17594,4.303e-06,7.70010526315789e-05
"dlpfc","Inhib.4","PGC2.SCZ",0.09242,5.8826e-06,9.75650731707317e-05
"dlpfc","Inhib.5","PGC2.SCZ",0.14102,4.7983e-09,2.50988e-07
"dlpfc","Inhib.6","PGC2.SCZ",0.14381,1.3281e-11,2.54541e-09
"dlpfc","Micro","PGC2.SCZ",0.0077375,0.37317,0.452327272727273
"dlpfc","OPC","PGC2.SCZ",0.10132,4.6579e-05,0.000563195087719298
"dlpfc","Oligo","PGC2.SCZ",0.10967,1.8857e-05,0.000267849166666667
"sacc","Astro.1","PGC2.SCZ",0.021584,0.1784,0.255932489451477
"sacc","Excit.1","PGC2.SCZ",0.093073,1.927e-09,1.19123636363636e-07
"sacc","Excit.2","PGC2.SCZ",0.089784,1.7506e-08,6.61337777777778e-07
"sacc","Excit.3","PGC2.SCZ",0.058661,0.0014567,0.00839454237288136
"sacc","Excit.4","PGC2.SCZ",0.063441,0.0022181,0.0113406616541353
"sacc","Inhib.1.1","PGC2.SCZ",0.094684,8.6678e-09,3.92940266666667e-07
"sacc","Inhib.2.1","PGC2.SCZ",0.12299,2.3449e-12,7.97266e-10
"sacc","Micro.1","PGC2.SCZ",0.01045,0.32407,0.401398178506375
"sacc","OPC.1","PGC2.SCZ",0.082998,0.00044731,0.00337967555555556
"sacc","Oligo.1","PGC2.SCZ",0.11333,7.6541e-06,0.000118290636363636
"hpc","Astro.2","PGC2.SCZ",0.015946,0.20315,0.281348268839104
"hpc","Excit.1.1","PGC2.SCZ",0.12097,3.2333e-08,1.099322e-06
"hpc","Excit.2.1","PGC2.SCZ",0.077615,0.00011477,0.00113106666666667
"hpc","Excit.3.1","PGC2.SCZ",0.083294,6.9085e-07,1.56592666666667e-05
"hpc","Excit.4.1","PGC2.SCZ",0.10569,1.8907e-05,0.000267849166666667
"hpc","Excit.5","PGC2.SCZ",0.15592,7.3279e-07,1.60741032258065e-05
"hpc","Inhib.1.2","PGC2.SCZ",0.15236,2.5234e-07,6.35522962962963e-06
"hpc","Inhib.2.2","PGC2.SCZ",0.13573,7.4835e-09,3.63484285714286e-07
"hpc","Inhib.3.1","PGC2.SCZ",0.12412,7.5534e-10,5.70701333333333e-08
"hpc","Inhib.4.1","PGC2.SCZ",0.18092,1.4973e-11,2.54541e-09
"hpc","Inhib.5.1","PGC2.SCZ",0.16823,3.1255e-10,2.988345e-08
"hpc","Micro.2","PGC2.SCZ",0.026502,0.091051,0.160817350649351
"hpc","OPC.2","PGC2.SCZ",0.11923,2.9447e-08,1.05389263157895e-06
"hpc","Oligo.2","PGC2.SCZ",0.082397,0.00018694,0.00171782702702703
"hpc","Tcell","PGC2.SCZ",0.035046,0.17532,0.254195309168443
"nac","Astro.3","PGC2.SCZ",0.019317,0.16842,0.245763090128755
"nac","Inhib.1.3","PGC2.SCZ",0.090316,0.018128,0.0509381818181818
"nac","Inhib.2.3","PGC2.SCZ",0.12985,0.0002964,0.0024882962962963
"nac","Inhib.3.2","PGC2.SCZ",0.055677,0.0038344,0.0172573333333333
"nac","Inhib.4.2","PGC2.SCZ",0.038819,0.034214,0.0804076712328767
"nac","MSN.D1.1","PGC2.SCZ",0.117,0.0013296,0.00772758974358974
"nac","MSN.D1.2","PGC2.SCZ",0.07342,0.0068916,0.0272494186046512
"nac","MSN.D1.3","PGC2.SCZ",0.11223,6.7732e-05,0.000767629333333333
"nac","MSN.D1.4","PGC2.SCZ",0.085888,3.8193e-06,7.01925405405405e-05
"nac","MSN.D2.1","PGC2.SCZ",0.17128,4.578e-08,1.4824e-06
"nac","MSN.D2.2","PGC2.SCZ",0.11233,5.1552e-06,8.98855384615385e-05
"nac","Micro.3","PGC2.SCZ",-0.010506,0.6792,0.730784810126582
"nac","OPC.3","PGC2.SCZ",0.12487,2.0844e-07,5.45150769230769e-06
"nac","Oligo.3","PGC2.SCZ",0.10597,3.6787e-05,0.000463243703703704
"amy","Astro.4","PGC2.SCZ",0.027853,0.07981,0.147028864864865
"amy","Excit.1.2","PGC2.SCZ",0.072145,5.5454e-06,9.42718e-05
"amy","Excit.2.2","PGC2.SCZ",0.10054,0.00015504,0.00150610285714286
"amy","Excit.3.2","PGC2.SCZ",0.083167,0.00032369,0.00258952
"amy","Inhib.1.4","PGC2.SCZ",0.12182,2.7477e-11,3.50404e-09
"amy","Inhib.2.4","PGC2.SCZ",0.14592,2.077e-12,7.97266e-10
"amy","Inhib.3.3","PGC2.SCZ",0.15897,6.9918e-08,2.16110181818182e-06
"amy","Inhib.4.3","PGC2.SCZ",0.20772,3.4793e-09,1.97160333333333e-07
"amy","Inhib.5.2","PGC2.SCZ",0.13478,1.0907e-09,7.41676e-08
"amy","Micro.4","PGC2.SCZ",0.014825,0.24347,0.318501538461538
"amy","OPC.4","PGC2.SCZ",0.1281,9.7877e-09,4.1597725e-07
"amy","Oligo.4","PGC2.SCZ",0.091741,9.7461e-05,0.000989156417910448
"dlpfc","Astro","PGC.ASD",0.016463,0.18787,0.266149166666667
"dlpfc","Excit.L2.3","PGC.ASD",-0.023282,0.88656,0.91899512195122
"dlpfc","Excit.L3.4","PGC.ASD",-0.0016036,0.52742,0.598740567612688
"dlpfc","Excit.L4.5","PGC.ASD",-0.0032304,0.58301,0.646732137030995
"dlpfc","Excit.L5","PGC.ASD",0.050596,0.01438,0.0444472727272727
"dlpfc","Excit.L5.6","PGC.ASD",-0.0011048,0.52304,0.595614046822742
"dlpfc","Excit.L6.broad","PGC.ASD",0.021461,0.1197,0.195663461538462
"dlpfc","Excit.ambig","PGC.ASD",0.0024919,0.44284,0.516520068610635
"dlpfc","Inhib.1","PGC.ASD",0.0078368,0.43645,0.510819277108434
"dlpfc","Inhib.2","PGC.ASD",0.0048088,0.45616,0.530237264957265
"dlpfc","Inhib.3","PGC.ASD",0.021267,0.25938,0.332789433962264
"dlpfc","Inhib.4","PGC.ASD",0.019326,0.13629,0.212075972540046
"dlpfc","Inhib.5","PGC.ASD",0.031863,0.058853,0.117706
"dlpfc","Inhib.6","PGC.ASD",0.023577,0.094957,0.163885177664975
"dlpfc","Micro","PGC.ASD",-0.0051249,0.60366,0.666863636363636
"dlpfc","OPC","PGC.ASD",0.041552,0.026448,0.0671068656716418
"dlpfc","Oligo","PGC.ASD",0.047821,0.016431,0.0483181034482759
"sacc","Astro.1","PGC.ASD",0.016197,0.19756,0.276991340206186
"sacc","Excit.1","PGC.ASD",0.010397,0.21227,0.288110978043912
"sacc","Excit.2","PGC.ASD",-0.0027869,0.58199,0.646655555555556
"sacc","Excit.3","PGC.ASD",-0.019257,0.8797,0.914672782874618
"sacc","Excit.4","PGC.ASD",0.0052751,0.3883,0.466508833922262
"sacc","Inhib.1.1","PGC.ASD",0.016557,0.11801,0.19336578313253
"sacc","Inhib.2.1","PGC.ASD",0.016516,0.13189,0.209044651162791
"sacc","Micro.1","PGC.ASD",-0.0054112,0.61483,0.675218064516129
"sacc","OPC.1","PGC.ASD",0.027161,0.094829,0.163885177664975
"sacc","Oligo.1","PGC.ASD",0.053718,0.0072981,0.0283548474576271
"hpc","Astro.2","PGC.ASD",-0.00092837,0.52379,0.595614046822742
"hpc","Excit.1.1","PGC.ASD",0.017274,0.17708,0.25541779661017
"hpc","Excit.2.1","PGC.ASD",0.0014943,0.46591,0.53972538330494
"hpc","Excit.3.1","PGC.ASD",-0.0043543,0.62067,0.679638647342995
"hpc","Excit.4.1","PGC.ASD",0.01436,0.25166,0.326322285714286
"hpc","Excit.5","PGC.ASD",0.0057933,0.41386,0.487737954939341
"hpc","Inhib.1.2","PGC.ASD",-0.0034416,0.55389,0.619482236842105
"hpc","Inhib.2.2","PGC.ASD",0.014961,0.22649,0.301986666666667
"hpc","Inhib.3.1","PGC.ASD",0.014365,0.19973,0.279457613168724
"hpc","Inhib.4.1","PGC.ASD",0.040943,0.034971,0.0811613651877133
"hpc","Inhib.5.1","PGC.ASD",0.018792,0.20233,0.280784489795918
"hpc","Micro.2","PGC.ASD",-0.0044619,0.6099,0.671087378640777
"hpc","OPC.2","PGC.ASD",0.05862,0.0006749,0.00463567676767677
"hpc","Oligo.2","PGC.ASD",0.060949,0.00074876,0.005091568
"hpc","Tcell","PGC.ASD",-0.0040331,0.55349,0.619482236842105
"nac","Astro.3","PGC.ASD",0.011909,0.23363,0.309082490272374
"nac","Inhib.1.3","PGC.ASD",0.025171,0.24058,0.317043410852713
"nac","Inhib.2.3","PGC.ASD",0.070298,0.01271,0.0405765258215962
"nac","Inhib.3.2","PGC.ASD",0.030451,0.03831,0.0856111111111111
"nac","Inhib.4.2","PGC.ASD",0.02119,0.11729,0.192650241545894
"nac","MSN.D1.1","PGC.ASD",0.041074,0.10454,0.17425
"nac","MSN.D1.2","PGC.ASD",0.043442,0.038487,0.0856111111111111
"nac","MSN.D1.3","PGC.ASD",0.078726,0.00055585,0.00402104255319149
"nac","MSN.D1.4","PGC.ASD",-0.0016862,0.54243,0.610682781456954
"nac","MSN.D2.1","PGC.ASD",0.054749,0.019146,0.0527757085020243
"nac","MSN.D2.2","PGC.ASD",0.0066737,0.37567,0.454547330960854
"nac","Micro.3","PGC.ASD",-0.023638,0.89906,0.929119756838906
"nac","OPC.3","PGC.ASD",0.06453,0.00077619,0.005211
"nac","Oligo.3","PGC.ASD",0.038565,0.040842,0.0901706493506494
"amy","Astro.4","PGC.ASD",0.0083132,0.30288,0.37999704797048
"amy","Excit.1.2","PGC.ASD",0.00044077,0.48693,0.561207457627119
"amy","Excit.2.2","PGC.ASD",0.032913,0.077216,0.14308719346049
"amy","Excit.3.2","PGC.ASD",-0.010169,0.69481,0.741712401883831
"amy","Inhib.1.4","PGC.ASD",0.003696,0.40472,0.479459233449477
"amy","Inhib.2.4","PGC.ASD",0.02242,0.10058,0.170135323383085
"amy","Inhib.3.3","PGC.ASD",-0.00184,0.52945,0.599938768718802
"amy","Inhib.4.3","PGC.ASD",0.037644,0.10667,0.176916097560976
"amy","Inhib.5.2","PGC.ASD",3.2289e-05,0.49932,0.572576053962901
"amy","Micro.4","PGC.ASD",-0.0045982,0.6041,0.666863636363636
"amy","OPC.4","PGC.ASD",0.044274,0.00936,0.0332449166666667
"amy","Oligo.4","PGC.ASD",0.045368,0.013705,0.0429465437788018
"dlpfc","Astro","PGC.BIP",0.019368,0.16724,0.244566021505376
"dlpfc","Excit.L2.3","PGC.BIP",0.071605,0.00022963,0.00205458421052632
"dlpfc","Excit.L3.4","PGC.BIP",0.076428,0.0011194,0.0069834128440367
"dlpfc","Excit.L4.5","PGC.BIP",0.064022,5.279e-05,0.00061891724137931
"dlpfc","Excit.L5","PGC.BIP",0.064081,0.0051403,0.0220029182389937
"dlpfc","Excit.L5.6","PGC.BIP",0.075287,0.00010076,0.0010076
"dlpfc","Excit.L6.broad","PGC.BIP",0.096554,4.1692e-07,9.77605517241379e-06
"dlpfc","Excit.ambig","PGC.BIP",0.08416,2.8301e-06,5.34574444444444e-05
"dlpfc","Inhib.1","PGC.BIP",0.068908,0.094131,0.163288469387755
"dlpfc","Inhib.2","PGC.BIP",0.12553,0.0033195,0.0156754166666667
"dlpfc","Inhib.3","PGC.BIP",0.057362,0.050692,0.104773738601824
"dlpfc","Inhib.4","PGC.BIP",0.063067,0.00035855,0.00277061363636364
"dlpfc","Inhib.5","PGC.BIP",0.071225,0.00059002,0.00417930833333333
"dlpfc","Inhib.6","PGC.BIP",0.053375,0.002797,0.0134890780141844
"dlpfc","Micro","PGC.BIP",-0.0099933,0.68566,0.735408201892744
"dlpfc","OPC","PGC.BIP",0.079111,0.00027615,0.00237698734177215
"dlpfc","Oligo","PGC.BIP",0.053935,0.011529,0.0388710891089109
"sacc","Astro.1","PGC.BIP",0.01879,0.17823,0.255932489451477
"sacc","Excit.1","PGC.BIP",0.064332,2.0085e-06,4.13872727272727e-05
"sacc","Excit.2","PGC.BIP",0.073384,1.5106e-07,4.108832e-06
"sacc","Excit.3","PGC.BIP",0.062834,0.00017084,0.00161348888888889
"sacc","Excit.4","PGC.BIP",0.046846,0.0088178,0.0319211428571429
"sacc","Inhib.1.1","PGC.BIP",0.056131,8.1122e-05,0.000875574375
"sacc","Inhib.2.1","PGC.BIP",0.068522,7.4787e-06,0.000118267813953488
"sacc","Micro.1","PGC.BIP",-0.0080882,0.65876,0.713307006369427
"sacc","OPC.1","PGC.BIP",0.069126,0.00078165,0.005211
"sacc","Oligo.1","PGC.BIP",0.048251,0.019098,0.0527757085020243
"hpc","Astro.2","PGC.BIP",0.024784,0.068315,0.129252888888889
"hpc","Excit.1.1","PGC.BIP",0.076547,6.3998e-05,0.00073760406779661
"hpc","Excit.2.1","PGC.BIP",0.078333,1.4376e-05,0.000217237333333333
"hpc","Excit.3.1","PGC.BIP",0.046472,0.0011659,0.00714245045045045
"hpc","Excit.4.1","PGC.BIP",0.077763,0.00030481,0.00252769268292683
"hpc","Excit.5","PGC.BIP",0.10722,7.7057e-05,0.000858996065573771
"hpc","Inhib.1.2","PGC.BIP",0.1025,8.3821e-05,0.000876896615384615
"hpc","Inhib.2.2","PGC.BIP",0.074251,0.00023956,0.00211559480519481
"hpc","Inhib.3.1","PGC.BIP",0.071915,4.5673e-05,0.000563195087719298
"hpc","Inhib.4.1","PGC.BIP",0.083463,0.00032337,0.00258952
"hpc","Inhib.5.1","PGC.BIP",0.1043,6.7936e-06,0.000109991619047619
"hpc","Micro.2","PGC.BIP",-0.0050644,0.61564,0.675218064516129
"hpc","OPC.2","PGC.BIP",0.065629,0.0003572,0.00277061363636364
"hpc","Oligo.2","PGC.BIP",0.050586,0.0063013,0.0253543431952663
"hpc","Tcell","PGC.BIP",0.010725,0.3689,0.44795
"nac","Astro.3","PGC.BIP",0.01716,0.16354,0.242281481481481
"nac","Inhib.1.3","PGC.BIP",0.081513,0.015327,0.0461166371681416
"nac","Inhib.2.3","PGC.BIP",0.085591,0.0056809,0.0238457530864198
"nac","Inhib.3.2","PGC.BIP",0.016753,0.18003,0.257185714285714
"nac","Inhib.4.2","PGC.BIP",0.043712,0.009946,0.0346834871794872
"nac","MSN.D1.1","PGC.BIP",0.079665,0.011547,0.0388710891089109
"nac","MSN.D1.2","PGC.BIP",0.033042,0.10171,0.170772345679012
"nac","MSN.D1.3","PGC.BIP",0.12968,2.9437e-07,7.14898571428571e-06
"nac","MSN.D1.4","PGC.BIP",0.035903,0.01678,0.0489716738197425
"nac","MSN.D2.1","PGC.BIP",0.11492,2.0262e-05,0.0002755632
"nac","MSN.D2.2","PGC.BIP",0.03698,0.049255,0.103069169230769
"nac","Micro.3","PGC.BIP",-0.029836,0.93576,0.95868734939759
"nac","OPC.3","PGC.BIP",0.059517,0.00307,0.0145986013986014
"nac","Oligo.3","PGC.BIP",0.056418,0.0083286,0.0312897679558011
"amy","Astro.4","PGC.BIP",0.038789,0.012392,0.0401264761904762
"amy","Excit.1.2","PGC.BIP",0.04849,0.00041916,0.00320257078651685
"amy","Excit.2.2","PGC.BIP",0.054967,0.012112,0.0399524637681159
"amy","Excit.3.2","PGC.BIP",0.0675,0.00093175,0.00603419047619048
"amy","Inhib.1.4","PGC.BIP",0.066042,3.028e-05,0.000395969230769231
"amy","Inhib.2.4","PGC.BIP",0.061853,0.00050101,0.00370311739130435
"amy","Inhib.3.3","PGC.BIP",0.051432,0.027427,0.0690625
"amy","Inhib.4.3","PGC.BIP",0.052015,0.056133,0.113265400593472
"amy","Inhib.5.2","PGC.BIP",0.070052,0.00024274,0.00211619487179487
"amy","Micro.4","PGC.BIP",-0.0061668,0.63072,0.688993900481541
"amy","OPC.4","PGC.BIP",0.078724,4.7209e-05,0.000563195087719298
"amy","Oligo.4","PGC.BIP",0.043287,0.023352,0.0608404597701149
"dlpfc","Astro","PGC.MDD",0.021571,0.13327,0.209776851851852
"dlpfc","Excit.L2.3","PGC.MDD",0.012266,0.26873,0.342845028142589
"dlpfc","Excit.L3.4","PGC.MDD",0.084561,0.00028336,0.00240856
"dlpfc","Excit.L4.5","PGC.MDD",0.03833,0.0088361,0.0319211428571429
"dlpfc","Excit.L5","PGC.MDD",0.012256,0.30611,0.382434495412844
"dlpfc","Excit.L5.6","PGC.MDD",0.015642,0.21651,0.292413465346535
"dlpfc","Excit.L6.broad","PGC.MDD",0.040091,0.017575,0.0502628571428571
"dlpfc","Excit.ambig","PGC.MDD",0.020698,0.12705,0.203759433962264
"dlpfc","Inhib.1","PGC.MDD",0.07027,0.079695,0.147028864864865
"dlpfc","Inhib.2","PGC.MDD",0.026573,0.28315,0.359891588785047
"dlpfc","Inhib.3","PGC.MDD",0.056184,0.047583,0.101430846394984
"dlpfc","Inhib.4","PGC.MDD",0.025223,0.08167,0.148814545454545
"dlpfc","Inhib.5","PGC.MDD",0.026348,0.10516,0.174838141809291
"dlpfc","Inhib.6","PGC.MDD",0.042632,0.011445,0.0388710891089109
"dlpfc","Micro","PGC.MDD",-0.014092,0.75544,0.797669565217391
"dlpfc","OPC","PGC.MDD",0.042907,0.027625,0.0690625
"dlpfc","Oligo","PGC.MDD",0.00014304,0.49753,0.571487162162162
"sacc","Astro.1","PGC.MDD",0.019894,0.15641,0.234525438596491
"sacc","Excit.1","PGC.MDD",0.035923,0.0040794,0.0180129350649351
"sacc","Excit.2","PGC.MDD",0.036212,0.0048082,0.0209353375796178
"sacc","Excit.3","PGC.MDD",0.022262,0.097345,0.166721306532663
"sacc","Excit.4","PGC.MDD",-0.012123,0.73479,0.780714375
"sacc","Inhib.1.1","PGC.MDD",0.019402,0.09067,0.160561458333333
"sacc","Inhib.2.1","PGC.MDD",0.034316,0.011962,0.0397484878048781
"sacc","Micro.1","PGC.MDD",-0.0090306,0.67898,0.730784810126582
"sacc","OPC.1","PGC.MDD",0.060836,0.0023932,0.012054637037037
"sacc","Oligo.1","PGC.MDD",-0.0040637,0.57165,0.636206219312602
"hpc","Astro.2","PGC.MDD",0.0018126,0.45544,0.530237264957265
"hpc","Excit.1.1","PGC.MDD",0.02466,0.10118,0.170387128712871
"hpc","Excit.2.1","PGC.MDD",0.0092137,0.30651,0.382434495412844
"hpc","Excit.3.1","PGC.MDD",0.012413,0.20152,0.280719018404908
"hpc","Excit.4.1","PGC.MDD",0.049882,0.012162,0.0399524637681159
"hpc","Excit.5","PGC.MDD",0.083085,0.0012908,0.00758493103448276
"hpc","Inhib.1.2","PGC.MDD",0.05666,0.016302,0.0481972173913043
"hpc","Inhib.2.2","PGC.MDD",0.016051,0.21679,0.292413465346535
"hpc","Inhib.3.1","PGC.MDD",0.04357,0.0073806,0.0283548474576271
"hpc","Inhib.4.1","PGC.MDD",0.051946,0.013354,0.0420403703703704
"hpc","Inhib.5.1","PGC.MDD",0.038262,0.049998,0.103654390243902
"hpc","Micro.2","PGC.MDD",0.0057869,0.36499,0.443994991055456
"hpc","OPC.2","PGC.MDD",0.051317,0.0034165,0.0159124657534247
"hpc","Oligo.2","PGC.MDD",0.025315,0.098835,0.168440601503759
"hpc","Tcell","PGC.MDD",-0.048273,0.93865,0.959822556390977
"nac","Astro.3","PGC.MDD",0.023574,0.08135,0.148814545454545
"nac","Inhib.1.3","PGC.MDD",0.0029108,0.46885,0.542207482993197
"nac","Inhib.2.3","PGC.MDD",-0.0041276,0.55,0.617161716171617
"nac","Inhib.3.2","PGC.MDD",0.022777,0.099871,0.1697807
"nac","Inhib.4.2","PGC.MDD",0.04165,0.011944,0.0397484878048781
"nac","MSN.D1.1","PGC.MDD",0.028528,0.20164,0.280719018404908
"nac","MSN.D1.2","PGC.MDD",0.011928,0.32021,0.397340875912409
"nac","MSN.D1.3","PGC.MDD",0.073297,0.0017302,0.0094881935483871
"nac","MSN.D1.4","PGC.MDD",0.020985,0.10307,0.172629556650246
"nac","MSN.D2.1","PGC.MDD",0.067159,0.0070161,0.0275087356321839
"nac","MSN.D2.2","PGC.MDD",0.019258,0.19164,0.270363485477178
"nac","Micro.3","PGC.MDD",-0.0094807,0.68957,0.738437165354331
"nac","OPC.3","PGC.MDD",0.030428,0.075067,0.140621377410468
"nac","Oligo.3","PGC.MDD",0.0088044,0.35001,0.428841081081081
"amy","Astro.4","PGC.MDD",0.02184,0.096271,0.16573235443038
"amy","Excit.1.2","PGC.MDD",0.019051,0.08694,0.156331820580475
"amy","Excit.2.2","PGC.MDD",0.032307,0.089454,0.159237486910995
"amy","Excit.3.2","PGC.MDD",0.026003,0.10787,0.17847104622871
"amy","Inhib.1.4","PGC.MDD",0.02557,0.053828,0.110250120481928
"amy","Inhib.2.4","PGC.MDD",0.043074,0.0088251,0.0319211428571429
"amy","Inhib.3.3","PGC.MDD",0.032576,0.10455,0.17425
"amy","Inhib.4.3","PGC.MDD",0.014038,0.32704,0.404340363636364
"amy","Inhib.5.2","PGC.MDD",0.02839,0.072835,0.136817127071823
"amy","Micro.4","PGC.MDD",-0.0006356,0.51387,0.586294630872483
"amy","OPC.4","PGC.MDD",0.048185,0.0067446,0.0269784
"amy","Oligo.4","PGC.MDD",0.007555,0.35907,0.437576344086021
"dlpfc","Astro","PGCFr2.PTSD",0.0059158,0.38157,0.460048936170213
"dlpfc","Excit.L2.3","PGCFr2.PTSD",0.035575,0.034251,0.0804076712328767
"dlpfc","Excit.L3.4","PGCFr2.PTSD",0.041664,0.036707,0.0832025333333333
"dlpfc","Excit.L4.5","PGCFr2.PTSD",-0.00038743,0.50975,0.582571428571429
"dlpfc","Excit.L5","PGCFr2.PTSD",0.036441,0.059862,0.118676851311953
"dlpfc","Excit.L5.6","PGCFr2.PTSD",0.033107,0.042993,0.0937026923076923
"dlpfc","Excit.L6.broad","PGCFr2.PTSD",0.048463,0.0048336,0.0209353375796178
"dlpfc","Excit.ambig","PGCFr2.PTSD",0.019899,0.13083,0.207860747663551
"dlpfc","Inhib.1","PGCFr2.PTSD",0.026974,0.29554,0.372127171903882
"dlpfc","Inhib.2","PGCFr2.PTSD",0.036573,0.20897,0.285914688128773
"dlpfc","Inhib.3","PGCFr2.PTSD",0.057422,0.042924,0.0937026923076923
"dlpfc","Inhib.4","PGCFr2.PTSD",-0.0089489,0.69126,0.739083018867924
"dlpfc","Inhib.5","PGCFr2.PTSD",0.017278,0.2065,0.284251012145749
"dlpfc","Inhib.6","PGCFr2.PTSD",0.03311,0.036055,0.0822731543624161
"dlpfc","Micro","PGCFr2.PTSD",0.01733,0.19563,0.274852066115702
"dlpfc","OPC","PGCFr2.PTSD",0.029328,0.088303,0.158015894736842
"dlpfc","Oligo","PGCFr2.PTSD",0.063226,0.0035806,0.0163409932885906
"sacc","Astro.1","PGCFr2.PTSD",0.018023,0.18,0.257185714285714
"sacc","Excit.1","PGCFr2.PTSD",0.039043,0.0017134,0.0094881935483871
"sacc","Excit.2","PGCFr2.PTSD",0.023792,0.04392,0.0951133757961783
"sacc","Excit.3","PGCFr2.PTSD",0.023698,0.080001,0.147028864864865
"sacc","Excit.4","PGCFr2.PTSD",0.022532,0.11625,0.191404358353511
"sacc","Inhib.1.1","PGCFr2.PTSD",0.014056,0.16716,0.244566021505376
"sacc","Inhib.2.1","PGCFr2.PTSD",0.013804,0.18585,0.263837160751566
"sacc","Micro.1","PGCFr2.PTSD",0.0050595,0.39709,0.473582486865149
"sacc","OPC.1","PGCFr2.PTSD",0.021779,0.14975,0.227299107142857
"sacc","Oligo.1","PGCFr2.PTSD",0.035261,0.063526,0.123472457142857
"hpc","Astro.2","PGCFr2.PTSD",0.011342,0.24356,0.318501538461538
"hpc","Excit.1.1","PGCFr2.PTSD",0.038276,0.02234,0.0600442687747036
"hpc","Excit.2.1","PGCFr2.PTSD",0.033179,0.031945,0.0775807142857143
"hpc","Excit.3.1","PGCFr2.PTSD",0.03163,0.015407,0.046153127753304
"hpc","Excit.4.1","PGCFr2.PTSD",-0.0002892,0.50528,0.578435016835017
"hpc","Excit.5","PGCFr2.PTSD",0.046206,0.04455,0.0961714285714286
"hpc","Inhib.1.2","PGCFr2.PTSD",0.029198,0.13366,0.209904849884527
"hpc","Inhib.2.2","PGCFr2.PTSD",0.016721,0.20646,0.284251012145749
"hpc","Inhib.3.1","PGCFr2.PTSD",0.013185,0.22794,0.3027328125
"hpc","Inhib.4.1","PGCFr2.PTSD",0.046696,0.022605,0.06017203125
"hpc","Inhib.5.1","PGCFr2.PTSD",0.067663,0.0015284,0.00866093333333333
"hpc","Micro.2","PGCFr2.PTSD",0.018575,0.13469,0.211035023041475
"hpc","OPC.2","PGCFr2.PTSD",0.028213,0.06472,0.124320903954802
"hpc","Oligo.2","PGCFr2.PTSD",0.047492,0.0093868,0.0332449166666667
"hpc","Tcell","PGCFr2.PTSD",-0.016588,0.70838,0.755013166144201
"nac","Astro.3","PGCFr2.PTSD",0.017399,0.15279,0.230370731707317
"nac","Inhib.1.3","PGCFr2.PTSD",0.086973,0.0084156,0.0314429010989011
"nac","Inhib.2.3","PGCFr2.PTSD",0.067553,0.016941,0.0492302564102564
"nac","Inhib.3.2","PGCFr2.PTSD",0.037007,0.0187,0.0521872131147541
"nac","Inhib.4.2","PGCFr2.PTSD",0.048835,0.0037616,0.0170525866666667
"nac","MSN.D1.1","PGCFr2.PTSD",0.078306,0.010076,0.0349575510204082
"nac","MSN.D1.2","PGCFr2.PTSD",0.010894,0.33315,0.410402173913043
"nac","MSN.D1.3","PGCFr2.PTSD",0.050015,0.020898,0.05684256
"nac","MSN.D1.4","PGCFr2.PTSD",-0.0027111,0.566,0.630950819672131
"nac","MSN.D2.1","PGCFr2.PTSD",0.074064,0.00245,0.01225
"nac","MSN.D2.2","PGCFr2.PTSD",0.032998,0.06022,0.119039534883721
"nac","Micro.3","PGCFr2.PTSD",0.020346,0.14431,0.221514221218962
"nac","OPC.3","PGCFr2.PTSD",0.020672,0.1572,0.234525438596491
"nac","Oligo.3","PGCFr2.PTSD",0.051,0.014664,0.045027027027027
"amy","Astro.4","PGCFr2.PTSD",0.028386,0.0468,0.100075471698113
"amy","Excit.1.2","PGCFr2.PTSD",0.031865,0.011538,0.0388710891089109
"amy","Excit.2.2","PGCFr2.PTSD",0.032146,0.086052,0.155213156498674
"amy","Excit.3.2","PGCFr2.PTSD",0.015205,0.22864,0.303070565302144
"amy","Inhib.1.4","PGCFr2.PTSD",0.0048074,0.38111,0.460048936170213
"amy","Inhib.2.4","PGCFr2.PTSD",0.018645,0.15177,0.229341333333333
"amy","Inhib.3.3","PGCFr2.PTSD",0.047617,0.032699,0.0788486524822695
"amy","Inhib.4.3","PGCFr2.PTSD",0.022067,0.24169,0.317890135396518
"amy","Inhib.5.2","PGCFr2.PTSD",0.042213,0.01413,0.0440752293577982
"amy","Micro.4","PGCFr2.PTSD",0.012513,0.24495,0.319704414587332
"amy","OPC.4","PGCFr2.PTSD",0.014372,0.22715,0.30227397260274
"amy","Oligo.4","PGCFr2.PTSD",0.047316,0.014304,0.0444142465753425
"dlpfc","Astro","addxn.AgeSmk",0.013262,0.22248,0.298395266272189
"dlpfc","Excit.L2.3","addxn.AgeSmk",0.031652,0.038525,0.0856111111111111
"dlpfc","Excit.L3.4","addxn.AgeSmk",0.023256,0.14673,0.224721621621622
"dlpfc","Excit.L4.5","addxn.AgeSmk",0.019201,0.093674,0.163288469387755
"dlpfc","Excit.L5","addxn.AgeSmk",-0.0097677,0.67199,0.72532253968254
"dlpfc","Excit.L5.6","addxn.AgeSmk",0.014739,0.20451,0.282656097560976
"dlpfc","Excit.L6.broad","addxn.AgeSmk",0.025944,0.066716,0.127078095238095
"dlpfc","Excit.ambig","addxn.AgeSmk",0.039101,0.0087038,0.0319211428571429
"dlpfc","Inhib.1","addxn.AgeSmk",0.03751,0.20819,0.285421774193548
"dlpfc","Inhib.2","addxn.AgeSmk",0.063287,0.064278,0.12382164305949
"dlpfc","Inhib.3","addxn.AgeSmk",0.0082136,0.39767,0.473582486865149
"dlpfc","Inhib.4","addxn.AgeSmk",0.011697,0.2398,0.316629126213592
"dlpfc","Inhib.5","addxn.AgeSmk",0.015054,0.21716,0.292413465346535
"dlpfc","Inhib.6","addxn.AgeSmk",0.017474,0.14715,0.224858426966292
"dlpfc","Micro","addxn.AgeSmk",-0.011594,0.73741,0.782275819032761
"dlpfc","OPC","addxn.AgeSmk",0.0083607,0.33875,0.415794223826715
"dlpfc","Oligo","addxn.AgeSmk",0.05965,0.002017,0.0103906060606061
"sacc","Astro.1","addxn.AgeSmk",0.017096,0.1672,0.244566021505376
"sacc","Excit.1","addxn.AgeSmk",0.02599,0.017592,0.0502628571428571
"sacc","Excit.2","addxn.AgeSmk",0.027243,0.0155,0.0462280701754386
"sacc","Excit.3","addxn.AgeSmk",0.014471,0.1736,0.252239316239316
"sacc","Excit.4","addxn.AgeSmk",-0.0061837,0.6385,0.69487296
"sacc","Inhib.1.1","addxn.AgeSmk",0.013061,0.15727,0.234525438596491
"sacc","Inhib.2.1","addxn.AgeSmk",0.017954,0.093918,0.163288469387755
"sacc","Micro.1","addxn.AgeSmk",-0.018264,0.85188,0.888463803680982
"sacc","OPC.1","addxn.AgeSmk",0.0094028,0.31471,0.391229981718464
"sacc","Oligo.1","addxn.AgeSmk",0.044194,0.0147,0.045027027027027
"hpc","Astro.2","addxn.AgeSmk",0.027874,0.028036,0.0697778909090909
"hpc","Excit.1.1","addxn.AgeSmk",0.016245,0.17729,0.25541779661017
"hpc","Excit.2.1","addxn.AgeSmk",0.018698,0.12803,0.204367136150235
"hpc","Excit.3.1","addxn.AgeSmk",0.028495,0.016485,0.0483181034482759
"hpc","Excit.4.1","addxn.AgeSmk",0.027901,0.081848,0.148814545454545
"hpc","Excit.5","addxn.AgeSmk",0.020803,0.20187,0.280719018404908
"hpc","Inhib.1.2","addxn.AgeSmk",0.077178,0.00066493,0.0046138
"hpc","Inhib.2.2","addxn.AgeSmk",0.025114,0.090527,0.160561458333333
"hpc","Inhib.3.1","addxn.AgeSmk",0.020603,0.09756,0.166721306532663
"hpc","Inhib.4.1","addxn.AgeSmk",0.032505,0.064276,0.12382164305949
"hpc","Inhib.5.1","addxn.AgeSmk",0.023276,0.13573,0.212075972540046
"hpc","Micro.2","addxn.AgeSmk",-0.017402,0.87534,0.911533231240429
"hpc","OPC.2","addxn.AgeSmk",0.011252,0.25598,0.330296774193548
"hpc","Oligo.2","addxn.AgeSmk",0.044566,0.0062155,0.025338754491018
"hpc","Tcell","addxn.AgeSmk",-0.0027699,0.54105,0.610139303482587
"nac","Astro.3","addxn.AgeSmk",0.0081938,0.29511,0.372127171903882
"nac","Inhib.1.3","addxn.AgeSmk",0.059891,0.03422,0.0804076712328767
"nac","Inhib.2.3","addxn.AgeSmk",0.0443,0.068428,0.129252888888889
"nac","Inhib.3.2","addxn.AgeSmk",0.010564,0.25655,0.330405303030303
"nac","Inhib.4.2","addxn.AgeSmk",-0.0058602,0.63867,0.69487296
"nac","MSN.D1.1","addxn.AgeSmk",0.016286,0.29606,0.372127171903882
"nac","MSN.D1.2","addxn.AgeSmk",0.027415,0.10919,0.180216504854369
"nac","MSN.D1.3","addxn.AgeSmk",-0.028333,0.89462,0.925938508371385
"nac","MSN.D1.4","addxn.AgeSmk",0.027673,0.031638,0.0771105376344086
"nac","MSN.D2.1","addxn.AgeSmk",0.0013308,0.47847,0.552393208828523
"nac","MSN.D2.2","addxn.AgeSmk",-0.0032989,0.56579,0.630950819672131
"nac","Micro.3","addxn.AgeSmk",-0.012336,0.76284,0.80225285935085
"nac","OPC.3","addxn.AgeSmk",0.004849,0.40005,0.475583916083916
"nac","Oligo.3","addxn.AgeSmk",0.044813,0.014897,0.0454258295964126
"amy","Astro.4","addxn.AgeSmk",0.033962,0.012284,0.0399670813397129
"amy","Excit.1.2","addxn.AgeSmk",0.017771,0.081585,0.148814545454545
"amy","Excit.2.2","addxn.AgeSmk",0.0093513,0.33144,0.40903666061706
"amy","Excit.3.2","addxn.AgeSmk",0.0071417,0.35285,0.431543165467626
"amy","Inhib.1.4","addxn.AgeSmk",0.012564,0.1889,0.267051975051975
"amy","Inhib.2.4","addxn.AgeSmk",0.026893,0.049833,0.103628256880734
"amy","Inhib.3.3","addxn.AgeSmk",0.034638,0.069922,0.131709030470914
"amy","Inhib.4.3","addxn.AgeSmk",0.022965,0.21144,0.2875584
"amy","Inhib.5.2","addxn.AgeSmk",0.037934,0.016093,0.0477870742358079
"amy","Micro.4","addxn.AgeSmk",-0.011208,0.75364,0.797006531881804
"amy","OPC.4","addxn.AgeSmk",0.0041645,0.40777,0.482232347826087
"amy","Oligo.4","addxn.AgeSmk",0.042162,0.013238,0.041869023255814
"dlpfc","Astro","addxn.CigDay",0.0041243,0.41162,0.485940277777778
"dlpfc","Excit.L2.3","addxn.CigDay",0.050186,0.0038829,0.0172573333333333
"dlpfc","Excit.L3.4","addxn.CigDay",0.049363,0.017165,0.0496689361702128
"dlpfc","Excit.L4.5","addxn.CigDay",0.02756,0.0363,0.0825551839464883
"dlpfc","Excit.L5","addxn.CigDay",0.038598,0.04655,0.0998548895899054
"dlpfc","Excit.L5.6","addxn.CigDay",0.038117,0.022008,0.0593866666666667
"dlpfc","Excit.L6.broad","addxn.CigDay",0.041165,0.011983,0.0397484878048781
"dlpfc","Excit.ambig","addxn.CigDay",0.034515,0.023146,0.0608404597701149
"dlpfc","Inhib.1","addxn.CigDay",0.031412,0.25805,0.331708884688091
"dlpfc","Inhib.2","addxn.CigDay",0.090261,0.02005,0.0549758064516129
"dlpfc","Inhib.3","addxn.CigDay",-0.01118,0.63124,0.688993900481541
"dlpfc","Inhib.4","addxn.CigDay",0.044502,0.0054433,0.023134025
"dlpfc","Inhib.5","addxn.CigDay",0.026588,0.093744,0.163288469387755
"dlpfc","Inhib.6","addxn.CigDay",0.011127,0.26356,0.337515630885122
"dlpfc","Micro","addxn.CigDay",0.032181,0.049261,0.103069169230769
"dlpfc","OPC","addxn.CigDay",0.019812,0.17628,0.255043404255319
"dlpfc","Oligo","addxn.CigDay",0.039681,0.035836,0.0822731543624161
"sacc","Astro.1","addxn.CigDay",0.0051279,0.39139,0.46939188712522
"sacc","Excit.1","addxn.CigDay",0.024654,0.028852,0.0710846376811594
"sacc","Excit.2","addxn.CigDay",0.032965,0.0068925,0.0272494186046512
"sacc","Excit.3","addxn.CigDay",0.029587,0.034528,0.0804076712328767
"sacc","Excit.4","addxn.CigDay",0.020964,0.12765,0.20424
"sacc","Inhib.1.1","addxn.CigDay",0.024858,0.035346,0.0817526530612245
"sacc","Inhib.2.1","addxn.CigDay",0.015586,0.13938,0.215896127562642
"sacc","Micro.1","addxn.CigDay",0.018791,0.15724,0.234525438596491
"sacc","OPC.1","addxn.CigDay",0.038294,0.031578,0.0771105376344086
"sacc","Oligo.1","addxn.CigDay",0.03074,0.077059,0.14308719346049
"hpc","Astro.2","addxn.CigDay",0.012184,0.21635,0.292413465346535
"hpc","Excit.1.1","addxn.CigDay",0.028601,0.061599,0.120712737752161
"hpc","Excit.2.1","addxn.CigDay",0.011928,0.24639,0.320967816091954
"hpc","Excit.3.1","addxn.CigDay",-0.0012549,0.53548,0.604861129568106
"hpc","Excit.4.1","addxn.CigDay",0.072404,0.00031131,0.00255049156626506
"hpc","Excit.5","addxn.CigDay",0.062754,0.0088722,0.0319211428571429
"hpc","Inhib.1.2","addxn.CigDay",0.051573,0.021094,0.0571470916334661
"hpc","Inhib.2.2","addxn.CigDay",0.022954,0.12348,0.19992
"hpc","Inhib.3.1","addxn.CigDay",0.019478,0.1221,0.198631578947368
"hpc","Inhib.4.1","addxn.CigDay",0.047095,0.018726,0.0521872131147541
"hpc","Inhib.5.1","addxn.CigDay",0.02492,0.13286,0.209616705336427
"hpc","Micro.2","addxn.CigDay",0.0031311,0.42305,0.496846286701209
"hpc","OPC.2","addxn.CigDay",0.036046,0.023344,0.0608404597701149
"hpc","Oligo.2","addxn.CigDay",0.036058,0.028219,0.0697778909090909
"hpc","Tcell","addxn.CigDay",-0.040137,0.91906,0.948347192716237
"nac","Astro.3","addxn.CigDay",0.015751,0.16649,0.244566021505376
"nac","Inhib.1.3","addxn.CigDay",0.062727,0.035948,0.0822731543624161
"nac","Inhib.2.3","addxn.CigDay",0.050227,0.056536,0.113741065088757
"nac","Inhib.3.2","addxn.CigDay",0.018917,0.13219,0.209044651162791
"nac","Inhib.4.2","addxn.CigDay",0.041444,0.0087189,0.0319211428571429
"nac","MSN.D1.1","addxn.CigDay",0.041378,0.10052,0.170135323383085
"nac","MSN.D1.2","addxn.CigDay",0.022454,0.17154,0.249779871520343
"nac","MSN.D1.3","addxn.CigDay",0.090042,8.2407e-05,0.000875574375
"nac","MSN.D1.4","addxn.CigDay",0.020041,0.10123,0.170387128712871
"nac","MSN.D2.1","addxn.CigDay",0.075399,0.0018455,0.00961810687022901
"nac","MSN.D2.2","addxn.CigDay",0.020215,0.16696,0.244566021505376
"nac","Micro.3","addxn.CigDay",0.012804,0.24356,0.318501538461538
"nac","OPC.3","addxn.CigDay",0.033462,0.048321,0.102362242990654
"nac","Oligo.3","addxn.CigDay",0.04269,0.025228,0.064736
"amy","Astro.4","addxn.CigDay",0.0082091,0.30585,0.382434495412844
"amy","Excit.1.2","addxn.CigDay",0.015367,0.12618,0.202842553191489
"amy","Excit.2.2","addxn.CigDay",0.024555,0.14009,0.21601179138322
"amy","Excit.3.2","addxn.CigDay",0.027139,0.087132,0.156331820580475
"amy","Inhib.1.4","addxn.CigDay",0.015497,0.15147,0.229341333333333
"amy","Inhib.2.4","addxn.CigDay",-0.0013103,0.53024,0.599938768718802
"amy","Inhib.3.3","addxn.CigDay",0.016608,0.24956,0.324475717017208
"amy","Inhib.4.3","addxn.CigDay",0.032347,0.14099,0.216907692307692
"amy","Inhib.5.2","addxn.CigDay",0.03198,0.043677,0.0948893290734824
"amy","Micro.4","addxn.CigDay",0.0046966,0.39432,0.47207323943662
"amy","OPC.4","addxn.CigDay",0.03896,0.01917,0.0527757085020243
"amy","Oligo.4","addxn.CigDay",0.042442,0.017667,0.0502659414225941
"dlpfc","Astro","addxn.DrnkWk",-0.014165,0.76332,0.80225285935085
"dlpfc","Excit.L2.3","addxn.DrnkWk",0.036616,0.034474,0.0804076712328767
"dlpfc","Excit.L3.4","addxn.DrnkWk",0.070943,0.0018373,0.00961810687022901
"dlpfc","Excit.L4.5","addxn.DrnkWk",0.018651,0.12444,0.200995724465558
"dlpfc","Excit.L5","addxn.DrnkWk",0.04852,0.022653,0.06017203125
"dlpfc","Excit.L5.6","addxn.DrnkWk",-0.01451,0.76475,0.802515432098766
"dlpfc","Excit.L6.broad","addxn.DrnkWk",0.029938,0.059687,0.118676851311953
"dlpfc","Excit.ambig","addxn.DrnkWk",0.030299,0.049048,0.103069169230769
"dlpfc","Inhib.1","addxn.DrnkWk",-0.028382,0.71097,0.75658779342723
"dlpfc","Inhib.2","addxn.DrnkWk",0.069485,0.063856,0.12370962962963
"dlpfc","Inhib.3","addxn.DrnkWk",0.057464,0.048138,0.10229325
"dlpfc","Inhib.4","addxn.DrnkWk",0.014822,0.21059,0.287412424849699
"dlpfc","Inhib.5","addxn.DrnkWk",0.024769,0.12131,0.197819664268585
"dlpfc","Inhib.6","addxn.DrnkWk",-0.0021633,0.54553,0.613157685950413
"dlpfc","Micro","addxn.DrnkWk",-0.04672,0.98879,0.997592284866469
"dlpfc","OPC","addxn.DrnkWk",-0.041997,0.96997,0.982980029806259
"dlpfc","Oligo","addxn.DrnkWk",0.070233,0.0011321,0.00699843636363636
"sacc","Astro.1","addxn.DrnkWk",0.0033486,0.43366,0.508428965517241
"sacc","Excit.1","addxn.DrnkWk",0.019547,0.076627,0.14308719346049
"sacc","Excit.2","addxn.DrnkWk",0.038853,0.0027305,0.0133578417266187
"sacc","Excit.3","addxn.DrnkWk",0.0050156,0.38588,0.464421946902655
"sacc","Excit.4","addxn.DrnkWk",0.014993,0.22138,0.297506719367589
"sacc","Inhib.1.1","addxn.DrnkWk",0.026835,0.032909,0.079074628975265
"sacc","Inhib.2.1","addxn.DrnkWk",0.0075649,0.31094,0.387251282051282
"sacc","Micro.1","addxn.DrnkWk",-0.053239,0.99679,0.998638586156112
"sacc","OPC.1","addxn.DrnkWk",-0.025654,0.88127,0.914906259541985
"sacc","Oligo.1","addxn.DrnkWk",0.063309,0.0027068,0.0133378550724638
"hpc","Astro.2","addxn.DrnkWk",0.0039933,0.40374,0.479132984293194
"hpc","Excit.1.1","addxn.DrnkWk",0.032259,0.049456,0.103159754601227
"hpc","Excit.2.1","addxn.DrnkWk",0.035401,0.027309,0.0690339033457249
"hpc","Excit.3.1","addxn.DrnkWk",0.037222,0.0062229,0.025338754491018
"hpc","Excit.4.1","addxn.DrnkWk",0.023228,0.1494,0.227275167785235
"hpc","Excit.5","addxn.DrnkWk",0.031794,0.126,0.202842553191489
"hpc","Inhib.1.2","addxn.DrnkWk",0.020344,0.22572,0.301551277013752
"hpc","Inhib.2.2","addxn.DrnkWk",0.051645,0.007039,0.0275087356321839
"hpc","Inhib.3.1","addxn.DrnkWk",0.016145,0.18326,0.261251153039832
"hpc","Inhib.4.1","addxn.DrnkWk",0.055252,0.010315,0.035605076142132
"hpc","Inhib.5.1","addxn.DrnkWk",0.031457,0.092558,0.162634211886305
"hpc","Micro.2","addxn.DrnkWk",-0.026705,0.94306,0.962884084084084
"hpc","OPC.2","addxn.DrnkWk",-0.012864,0.74822,0.792507165109034
"hpc","Oligo.2","addxn.DrnkWk",0.037888,0.028173,0.0697778909090909
"hpc","Tcell","addxn.DrnkWk",-0.063147,0.97917,0.990826785714286
"nac","Astro.3","addxn.DrnkWk",0.0044867,0.39676,0.473582486865149
"nac","Inhib.1.3","addxn.DrnkWk",0.029883,0.20693,0.284267474747475
"nac","Inhib.2.3","addxn.DrnkWk",-0.0090888,0.60832,0.670433711507293
"nac","Inhib.3.2","addxn.DrnkWk",-0.016418,0.81822,0.855984
"nac","Inhib.4.2","addxn.DrnkWk",0.024071,0.097581,0.166721306532663
"nac","MSN.D1.1","addxn.DrnkWk",0.018213,0.29499,0.372127171903882
"nac","MSN.D1.2","addxn.DrnkWk",0.032987,0.093787,0.163288469387755
"nac","MSN.D1.3","addxn.DrnkWk",0.10398,2.1736e-05,0.000289813333333333
"nac","MSN.D1.4","addxn.DrnkWk",0.026565,0.054227,0.110733813813814
"nac","MSN.D2.1","addxn.DrnkWk",0.049473,0.037079,0.0836264900662252
"nac","MSN.D2.2","addxn.DrnkWk",0.024142,0.1361,0.212075972540046
"nac","Micro.3","addxn.DrnkWk",-0.048549,0.99387,0.998638586156112
"nac","OPC.3","addxn.DrnkWk",-0.034457,0.94742,0.965885457271364
"nac","Oligo.3","addxn.DrnkWk",0.041844,0.034313,0.0804076712328767
"amy","Astro.4","addxn.DrnkWk",0.0095241,0.289,0.366641791044776
"amy","Excit.1.2","addxn.DrnkWk",0.021193,0.066605,0.127078095238095
"amy","Excit.2.2","addxn.DrnkWk",0.077804,0.00058981,0.00417930833333333
"amy","Excit.3.2","addxn.DrnkWk",0.04066,0.02585,0.0660827067669173
"amy","Inhib.1.4","addxn.DrnkWk",0.003185,0.42114,0.495458823529412
"amy","Inhib.2.4","addxn.DrnkWk",0.011406,0.26579,0.339731578947368
"amy","Inhib.3.3","addxn.DrnkWk",0.042073,0.053689,0.110250120481928
"amy","Inhib.4.3","addxn.DrnkWk",0.0031383,0.46055,0.53442662116041
"amy","Inhib.5.2","addxn.DrnkWk",0.047779,0.0078088,0.0294999111111111
"amy","Micro.4","addxn.DrnkWk",-0.04142,0.98809,0.997592284866469
"amy","OPC.4","addxn.DrnkWk",-0.036142,0.96556,0.979971343283582
"amy","Oligo.4","addxn.DrnkWk",0.052715,0.0061984,0.025338754491018
"dlpfc","Astro","addxn.SmkInit",-0.0053942,0.60194,0.666643648208469
"dlpfc","Excit.L2.3","addxn.SmkInit",0.037013,0.042438,0.0930898064516129
"dlpfc","Excit.L3.4","addxn.SmkInit",0.098079,8.6267e-05,0.000888811515151515
"dlpfc","Excit.L4.5","addxn.SmkInit",0.040238,0.0095656,0.0337026321243523
"dlpfc","Excit.L5","addxn.SmkInit",0.0573,0.012594,0.0403958490566038
"dlpfc","Excit.L5.6","addxn.SmkInit",0.023109,0.1392,0.215896127562642
"dlpfc","Excit.L6.broad","addxn.SmkInit",0.051779,0.0055999,0.023651751552795
"dlpfc","Excit.ambig","addxn.SmkInit",0.038445,0.024352,0.0630822813688213
"dlpfc","Inhib.1","addxn.SmkInit",0.17004,0.0011062,0.00696496296296296
"dlpfc","Inhib.2","addxn.SmkInit",0.043103,0.18412,0.261928033472803
"dlpfc","Inhib.3","addxn.SmkInit",0.14052,7.9567e-05,0.000872670322580645
"dlpfc","Inhib.4","addxn.SmkInit",0.032461,0.048709,0.102863726708075
"dlpfc","Inhib.5","addxn.SmkInit",0.071412,0.00090875,0.00599583461538462
"dlpfc","Inhib.6","addxn.SmkInit",0.058108,0.0018529,0.00961810687022901
"dlpfc","Micro","addxn.SmkInit",-0.054401,0.99371,0.998638586156112
"dlpfc","OPC","addxn.SmkInit",0.079824,0.00047088,0.00351866373626374
"dlpfc","Oligo","addxn.SmkInit",0.068815,0.0027906,0.0134890780141844
"sacc","Astro.1","addxn.SmkInit",-0.0081979,0.64967,0.704586283891547
"sacc","Excit.1","addxn.SmkInit",0.044319,0.001243,0.00741438596491228
"sacc","Excit.2","addxn.SmkInit",0.054405,0.00015733,0.00150682253521127
"sacc","Excit.3","addxn.SmkInit",0.018464,0.15724,0.234525438596491
"sacc","Excit.4","addxn.SmkInit",0.028878,0.082321,0.149275413333333
"sacc","Inhib.1.1","addxn.SmkInit",0.031158,0.022844,0.0604432684824903
"sacc","Inhib.2.1","addxn.SmkInit",0.053722,0.0005136,0.00375535483870968
"sacc","Micro.1","addxn.SmkInit",-0.067016,0.9994,0.9994
"sacc","OPC.1","addxn.SmkInit",0.093714,3.1421e-05,0.000403137358490566
"sacc","Oligo.1","addxn.SmkInit",0.053367,0.015049,0.0456844642857143
"hpc","Astro.2","addxn.SmkInit",-0.013338,0.77744,0.814575038520801
"hpc","Excit.1.1","addxn.SmkInit",0.024019,0.1232,0.19992
"hpc","Excit.2.1","addxn.SmkInit",0.044045,0.01248,0.0402199052132701
"hpc","Excit.3.1","addxn.SmkInit",0.024845,0.060606,0.119455304347826
"hpc","Excit.4.1","addxn.SmkInit",0.058031,0.007368,0.0283548474576271
"hpc","Excit.5","addxn.SmkInit",0.08131,0.0028687,0.0137374366197183
"hpc","Inhib.1.2","addxn.SmkInit",0.06716,0.0096373,0.0337802268041237
"hpc","Inhib.2.2","addxn.SmkInit",0.065372,0.0017449,0.009492256
"hpc","Inhib.3.1","addxn.SmkInit",0.039931,0.017949,0.0508555
"hpc","Inhib.4.1","addxn.SmkInit",0.076777,0.0012939,0.00758493103448276
"hpc","Inhib.5.1","addxn.SmkInit",0.10516,1.4909e-05,0.000220393913043478
"hpc","Micro.2","addxn.SmkInit",-0.032499,0.96461,0.979971343283582
"hpc","OPC.2","addxn.SmkInit",0.08485,1.9468e-05,0.000270168163265306
"hpc","Oligo.2","addxn.SmkInit",0.057102,0.0035144,0.0162556756756757
"hpc","Tcell","addxn.SmkInit",-0.059508,0.96537,0.979971343283582
"nac","Astro.3","addxn.SmkInit",0.00016762,0.49633,0.571073434856176
"nac","Inhib.1.3","addxn.SmkInit",0.063511,0.054862,0.111695089820359
"nac","Inhib.2.3","addxn.SmkInit",0.07537,0.017309,0.0498733898305085
"nac","Inhib.3.2","addxn.SmkInit",0.02548,0.09254,0.162634211886305
"nac","Inhib.4.2","addxn.SmkInit",0.060191,0.0011798,0.00716307142857143
"nac","MSN.D1.1","addxn.SmkInit",0.10523,0.0018187,0.00961810687022901
"nac","MSN.D1.2","addxn.SmkInit",0.079702,0.0015639,0.00878885950413223
"nac","MSN.D1.3","addxn.SmkInit",0.092017,0.00033549,0.00265271162790698
"nac","MSN.D1.4","addxn.SmkInit",0.04275,0.0075406,0.0286458547486034
"nac","MSN.D2.1","addxn.SmkInit",0.093272,0.00065968,0.0046138
"nac","MSN.D2.2","addxn.SmkInit",0.036263,0.061164,0.120206705202312
"nac","Micro.3","addxn.SmkInit",-0.056752,0.99717,0.998638586156112
"nac","OPC.3","addxn.SmkInit",0.068113,0.0015043,0.008596
"nac","Oligo.3","addxn.SmkInit",0.069715,0.0023086,0.0117152835820896
"amy","Astro.4","addxn.SmkInit",-0.0067486,0.64565,0.701345047923323
"amy","Excit.1.2","addxn.SmkInit",0.03183,0.018046,0.0509181742738589
"amy","Excit.2.2","addxn.SmkInit",0.090116,0.00022563,0.002045712
"amy","Excit.3.2","addxn.SmkInit",0.039201,0.041514,0.0913576699029126
"amy","Inhib.1.4","addxn.SmkInit",0.053051,0.00091701,0.00599583461538462
"amy","Inhib.2.4","addxn.SmkInit",0.06025,0.00097188,0.00623470188679245
"amy","Inhib.3.3","addxn.SmkInit",0.077266,0.0026917,0.0133378550724638
"amy","Inhib.4.3","addxn.SmkInit",0.091896,0.0033905,0.015900275862069
"amy","Inhib.5.2","addxn.SmkInit",0.055379,0.0042864,0.0188048516129032
"amy","Micro.4","addxn.SmkInit",-0.050331,0.9951,0.998638586156112
"amy","OPC.4","addxn.SmkInit",0.1021,8.773e-07,1.8642625e-05
"amy","Oligo.4","addxn.SmkInit",0.068556,0.0012297,0.00739996460176991
"dlpfc","Astro","addxn.SmkCes",0.042928,0.0075083,0.0286458547486034
"dlpfc","Excit.L2.3","addxn.SmkCes",0.039261,0.015236,0.0460465777777778
"dlpfc","Excit.L3.4","addxn.SmkCes",0.040011,0.035749,0.0822731543624161
"dlpfc","Excit.L4.5","addxn.SmkCes",0.027164,0.032556,0.0787832028469751
"dlpfc","Excit.L5","addxn.SmkCes",0.063563,0.0018338,0.00961810687022901
"dlpfc","Excit.L5.6","addxn.SmkCes",0.032731,0.034088,0.0804076712328767
"dlpfc","Excit.L6.broad","addxn.SmkCes",0.026872,0.059753,0.118676851311953
"dlpfc","Excit.ambig","addxn.SmkCes",0.036712,0.012799,0.0406697196261682
"dlpfc","Inhib.1","addxn.SmkCes",-0.069132,0.93379,0.95868734939759
"dlpfc","Inhib.2","addxn.SmkCes",0.027414,0.25596,0.330296774193548
"dlpfc","Inhib.3","addxn.SmkCes",0.013199,0.33862,0.415794223826715
"dlpfc","Inhib.4","addxn.SmkCes",0.011101,0.25194,0.326322285714286
"dlpfc","Inhib.5","addxn.SmkCes",0.011697,0.27201,0.346379775280899
"dlpfc","Inhib.6","addxn.SmkCes",0.032463,0.027565,0.0690625
"dlpfc","Micro","addxn.SmkCes",-0.012955,0.75989,0.801124341085271
"dlpfc","OPC","addxn.SmkCes",0.032362,0.055247,0.112143164179104
"dlpfc","Oligo","addxn.SmkCes",0.060951,0.0017831,0.00961810687022901
"sacc","Astro.1","addxn.SmkCes",0.035195,0.024494,0.0630906060606061
"sacc","Excit.1","addxn.SmkCes",0.024761,0.023216,0.0608404597701149
"sacc","Excit.2","addxn.SmkCes",0.032038,0.0062612,0.0253429523809524
"sacc","Excit.3","addxn.SmkCes",0.034981,0.012254,0.0399670813397129
"sacc","Excit.4","addxn.SmkCes",0.040025,0.011507,0.0388710891089109
"sacc","Inhib.1.1","addxn.SmkCes",0.02162,0.050997,0.105084727272727
"sacc","Inhib.2.1","addxn.SmkCes",0.026156,0.030463,0.0747828158844765
"sacc","Micro.1","addxn.SmkCes",-0.025953,0.93009,0.958274545454545
"sacc","OPC.1","addxn.SmkCes",0.031268,0.05731,0.114958112094395
"sacc","Oligo.1","addxn.SmkCes",0.060006,0.0017192,0.0094881935483871
"hpc","Astro.2","addxn.SmkCes",0.014626,0.16116,0.239276855895196
"hpc","Excit.1.1","addxn.SmkCes",0.063237,0.00018299,0.00170456438356164
"hpc","Excit.2.1","addxn.SmkCes",0.039484,0.0086337,0.0319211428571429
"hpc","Excit.3.1","addxn.SmkCes",0.034191,0.0058332,0.0241864390243902
"hpc","Excit.4.1","addxn.SmkCes",0.040391,0.022493,0.06017203125
"hpc","Excit.5","addxn.SmkCes",0.020208,0.21091,0.287412424849699
"hpc","Inhib.1.2","addxn.SmkCes",0.048013,0.024398,0.0630822813688213
"hpc","Inhib.2.2","addxn.SmkCes",0.038513,0.020896,0.05684256
"hpc","Inhib.3.1","addxn.SmkCes",0.028624,0.039003,0.086391009771987
"hpc","Inhib.4.1","addxn.SmkCes",0.022408,0.14869,0.226702242152466
"hpc","Inhib.5.1","addxn.SmkCes",0.022877,0.1398,0.21601179138322
"hpc","Micro.2","addxn.SmkCes",-0.0074083,0.68559,0.735408201892744
"hpc","OPC.2","addxn.SmkCes",0.026262,0.065517,0.125497352112676
"hpc","Oligo.2","addxn.SmkCes",0.045211,0.0057526,0.0239985766871166
"hpc","Tcell","addxn.SmkCes",-0.042003,0.93613,0.95868734939759
"nac","Astro.3","addxn.SmkCes",0.028272,0.034141,0.0804076712328767
"nac","Inhib.1.3","addxn.SmkCes",-0.013838,0.66112,0.714724324324324
"nac","Inhib.2.3","addxn.SmkCes",0.016114,0.29581,0.372127171903882
"nac","Inhib.3.2","addxn.SmkCes",0.029068,0.03714,0.0836264900662252
"nac","Inhib.4.2","addxn.SmkCes",0.02825,0.045327,0.0975391139240506
"nac","MSN.D1.1","addxn.SmkCes",0.043697,0.077225,0.14308719346049
"nac","MSN.D1.2","addxn.SmkCes",0.060748,0.0038722,0.0172573333333333
"nac","MSN.D1.3","addxn.SmkCes",0.044425,0.026352,0.0671068656716418
"nac","MSN.D1.4","addxn.SmkCes",0.015007,0.16011,0.238238074398249
"nac","MSN.D2.1","addxn.SmkCes",0.021684,0.19212,0.27047950310559
"nac","MSN.D2.2","addxn.SmkCes",0.019232,0.16594,0.244566021505376
"nac","Micro.3","addxn.SmkCes",-0.026288,0.93503,0.95868734939759
"nac","OPC.3","addxn.SmkCes",0.025951,0.088753,0.158404304461942
"nac","Oligo.3","addxn.SmkCes",0.052989,0.0051448,0.0220029182389937
"amy","Astro.4","addxn.SmkCes",0.027998,0.034359,0.0804076712328767
"amy","Excit.1.2","addxn.SmkCes",0.039661,0.0010165,0.00646
"amy","Excit.2.2","addxn.SmkCes",0.024728,0.12901,0.205449180327869
"amy","Excit.3.2","addxn.SmkCes",0.045298,0.0092831,0.0332237263157895
"amy","Inhib.1.4","addxn.SmkCes",0.022146,0.063552,0.123472457142857
"amy","Inhib.2.4","addxn.SmkCes",0.026449,0.05558,0.112483333333333
"amy","Inhib.3.3","addxn.SmkCes",0.017929,0.22467,0.30073937007874
"amy","Inhib.4.3","addxn.SmkCes",0.042847,0.068012,0.129184804469274
"amy","Inhib.5.2","addxn.SmkCes",0.027313,0.063449,0.123472457142857
"amy","Micro.4","addxn.SmkCes",-0.016476,0.84013,0.877555145929339
"amy","OPC.4","addxn.SmkCes",0.031937,0.037927,0.085116699669967
"amy","Oligo.4","addxn.SmkCes",0.051278,0.003538,0.0162556756756757
